run,method,params,size_full_mb,size_deploy_fp32_mb,size_deploy_int8_mb,compression,ms_per_batch,ndcg10,hr10
ml-1m_default,none,212000,0.808716,0.808716,0.808716,1.000000,157.5644,0.584626,0.817384
ml-1m_full_pact,pact,212002,0.808723,0.808723,0.780113,1.036674,161.1274,0.588474,0.819205
ml-1m_full_lsq,lsq,212012,0.808762,0.808762,0.205372,3.938035,126.6235,0.589628,0.817219
ml-1m_full_adaround,adaround,422910,1.613274,0.808754,0.205364,3.938144,126.7876,0.586414,0.817219
ml-1m_full_apot,apot,212012,0.808762,0.808762,0.205372,3.938035,217.3263,0.588333,0.819040
ml-1m_full_dsq,dsq,212024,0.808807,0.808807,0.205418,3.937380,163.8550,0.587686,0.816391
